COUNTRY_SHORT_NAME,REPORT_DATE,,,PEOPLE_POSITIVE_NEW_CASES_COUNT,PEOPLE_DEATH_COUNT,PEOPLE_POSITIVE_CASES_COUNT,PEOPLE_DEATH_NEW_COUNT
Wallis and Futuna,1/1/2020,,,0,,,0
Papua New Guinea,1/1/2020,,,0,0,0,0
French Polynesia,1/1/2020,,,0,0,0,0
Marshall Islands,1/1/2020,,,0,0,0,0
Fiji,1/1/2020,,,0,0,0,0
New Zealand,1/1/2020,,,0,0,0,0
Australia,1/1/2020,,,0,0,0,0
New Caledonia,1/1/2020,,,0,0,0,0
Solomon Islands,1/1/2020,,,0,0,0,0
Fiji,1/2/2020,,,0,0,0,0
Australia,1/2/2020,,,0,0,0,0
New Caledonia,1/2/2020,,,0,0,0,0
Papua New Guinea,1/2/2020,,,0,0,0,0
French Polynesia,1/2/2020,,,0,0,0,0
Solomon Islands,1/2/2020,,,0,0,0,0
New Zealand,1/2/2020,,,0,0,0,0
Wallis and Futuna,1/2/2020,,,0,,,0
Marshall Islands,1/2/2020,,,0,0,0,0
Wallis and Futuna,1/3/2020,,,0,,,0
Australia,1/3/2020,,,0,0,0,0
Fiji,1/3/2020,,,0,0,0,0
Marshall Islands,1/3/2020,,,0,0,0,0
Papua New Guinea,1/3/2020,,,0,0,0,0
French Polynesia,1/3/2020,,,0,0,0,0
New Caledonia,1/3/2020,,,0,0,0,0
New Zealand,1/3/2020,,,0,0,0,0
Solomon Islands,1/3/2020,,,0,0,0,0
Marshall Islands,1/4/2020,,,0,0,0,0
New Zealand,1/4/2020,,,0,0,0,0
French Polynesia,1/4/2020,,,0,0,0,0
Solomon Islands,1/4/2020,,,0,0,0,0
New Caledonia,1/4/2020,,,0,0,0,0
Australia,1/4/2020,,,0,0,0,0
Fiji,1/4/2020,,,0,0,0,0
Wallis and Futuna,1/4/2020,,,0,,,0
Papua New Guinea,1/4/2020,,,0,0,0,0
Marshall Islands,1/5/2020,,,0,0,0,0
New Caledonia,1/5/2020,,,0,0,0,0
Solomon Islands,1/5/2020,,,0,0,0,0
New Zealand,1/5/2020,,,0,0,0,0
Papua New Guinea,1/5/2020,,,0,0,0,0
French Polynesia,1/5/2020,,,0,0,0,0
Fiji,1/5/2020,,,0,0,0,0
Wallis and Futuna,1/5/2020,,,0,,,0
Australia,1/5/2020,,,0,0,0,0
Marshall Islands,1/6/2020,,,0,0,0,0
New Zealand,1/6/2020,,,0,0,0,0
French Polynesia,1/6/2020,,,0,0,0,0
Papua New Guinea,1/6/2020,,,0,0,0,0
Fiji,1/6/2020,,,0,0,0,0
Australia,1/6/2020,,,0,0,0,0
Wallis and Futuna,1/6/2020,,,0,,,0
Solomon Islands,1/6/2020,,,0,0,0,0
New Caledonia,1/6/2020,,,0,0,0,0
Marshall Islands,1/7/2020,,,0,0,0,0
Fiji,1/7/2020,,,0,0,0,0
New Caledonia,1/7/2020,,,0,0,0,0
New Zealand,1/7/2020,,,0,0,0,0
French Polynesia,1/7/2020,,,0,0,0,0
Australia,1/7/2020,,,0,0,0,0
Papua New Guinea,1/7/2020,,,0,0,0,0
Solomon Islands,1/7/2020,,,0,0,0,0
Wallis and Futuna,1/7/2020,,,0,,,0
Wallis and Futuna,1/8/2020,,,0,,,0
Australia,1/8/2020,,,0,0,0,0
Fiji,1/8/2020,,,0,0,0,0
Solomon Islands,1/8/2020,,,0,0,0,0
French Polynesia,1/8/2020,,,0,0,0,0
New Zealand,1/8/2020,,,0,0,0,0
Marshall Islands,1/8/2020,,,0,0,0,0
Papua New Guinea,1/8/2020,,,0,0,0,0
New Caledonia,1/8/2020,,,0,0,0,0
Papua New Guinea,1/9/2020,,,0,0,0,0
Solomon Islands,1/9/2020,,,0,0,0,0
Australia,1/9/2020,,,0,0,0,0
French Polynesia,1/9/2020,,,0,0,0,0
New Zealand,1/9/2020,,,0,0,0,0
Wallis and Futuna,1/9/2020,,,0,,,0
New Caledonia,1/9/2020,,,0,0,0,0
Marshall Islands,1/9/2020,,,0,0,0,0
Fiji,1/9/2020,,,0,0,0,0
New Caledonia,1/10/2020,,,0,0,0,0
French Polynesia,1/10/2020,,,0,0,0,0
New Zealand,1/10/2020,,,0,0,0,0
Wallis and Futuna,1/10/2020,,,0,,,0
Marshall Islands,1/10/2020,,,0,0,0,0
Fiji,1/10/2020,,,0,0,0,0
Solomon Islands,1/10/2020,,,0,0,0,0
Papua New Guinea,1/10/2020,,,0,0,0,0
Australia,1/10/2020,,,0,0,0,0
Marshall Islands,1/11/2020,,,0,0,0,0
Papua New Guinea,1/11/2020,,,0,0,0,0
Australia,1/11/2020,,,0,0,0,0
New Zealand,1/11/2020,,,0,0,0,0
Wallis and Futuna,1/11/2020,,,0,,,0
New Caledonia,1/11/2020,,,0,0,0,0
Solomon Islands,1/11/2020,,,0,0,0,0
Fiji,1/11/2020,,,0,0,0,0
French Polynesia,1/11/2020,,,0,0,0,0
Marshall Islands,1/12/2020,,,0,0,0,0
Australia,1/12/2020,,,0,0,0,0
French Polynesia,1/12/2020,,,0,0,0,0
New Zealand,1/12/2020,,,0,0,0,0
Wallis and Futuna,1/12/2020,,,0,,,0
Papua New Guinea,1/12/2020,,,0,0,0,0
New Caledonia,1/12/2020,,,0,0,0,0
Fiji,1/12/2020,,,0,0,0,0
Solomon Islands,1/12/2020,,,0,0,0,0
Wallis and Futuna,1/13/2020,,,0,,,0
French Polynesia,1/13/2020,,,0,0,0,0
Solomon Islands,1/13/2020,,,0,0,0,0
New Caledonia,1/13/2020,,,0,0,0,0
Marshall Islands,1/13/2020,,,0,0,0,0
Fiji,1/13/2020,,,0,0,0,0
Australia,1/13/2020,,,0,0,0,0
New Zealand,1/13/2020,,,0,0,0,0
Papua New Guinea,1/13/2020,,,0,0,0,0
Marshall Islands,1/14/2020,,,0,0,0,0
French Polynesia,1/14/2020,,,0,0,0,0
Wallis and Futuna,1/14/2020,,,0,,,0
New Caledonia,1/14/2020,,,0,0,0,0
Australia,1/14/2020,,,0,0,0,0
Solomon Islands,1/14/2020,,,0,0,0,0
Fiji,1/14/2020,,,0,0,0,0
Papua New Guinea,1/14/2020,,,0,0,0,0
New Zealand,1/14/2020,,,0,0,0,0
Fiji,1/15/2020,,,0,0,0,0
Australia,1/15/2020,,,0,0,0,0
New Caledonia,1/15/2020,,,0,0,0,0
Wallis and Futuna,1/15/2020,,,0,,,0
New Zealand,1/15/2020,,,0,0,0,0
Papua New Guinea,1/15/2020,,,0,0,0,0
Marshall Islands,1/15/2020,,,0,0,0,0
French Polynesia,1/15/2020,,,0,0,0,0
Solomon Islands,1/15/2020,,,0,0,0,0
Marshall Islands,1/16/2020,,,0,0,0,0
Fiji,1/16/2020,,,0,0,0,0
French Polynesia,1/16/2020,,,0,0,0,0
Papua New Guinea,1/16/2020,,,0,0,0,0
Australia,1/16/2020,,,0,0,0,0
Wallis and Futuna,1/16/2020,,,0,,,0
Solomon Islands,1/16/2020,,,0,0,0,0
New Caledonia,1/16/2020,,,0,0,0,0
New Zealand,1/16/2020,,,0,0,0,0
New Zealand,1/17/2020,,,0,0,0,0
Solomon Islands,1/17/2020,,,0,0,0,0
Australia,1/17/2020,,,0,0,0,0
Marshall Islands,1/17/2020,,,0,0,0,0
Papua New Guinea,1/17/2020,,,0,0,0,0
Fiji,1/17/2020,,,0,0,0,0
Wallis and Futuna,1/17/2020,,,0,,,0
New Caledonia,1/17/2020,,,0,0,0,0
French Polynesia,1/17/2020,,,0,0,0,0
Australia,1/18/2020,,,0,0,0,0
Papua New Guinea,1/18/2020,,,0,0,0,0
Fiji,1/18/2020,,,0,0,0,0
Solomon Islands,1/18/2020,,,0,0,0,0
Wallis and Futuna,1/18/2020,,,0,,,0
Marshall Islands,1/18/2020,,,0,0,0,0
French Polynesia,1/18/2020,,,0,0,0,0
New Caledonia,1/18/2020,,,0,0,0,0
New Zealand,1/18/2020,,,0,0,0,0
French Polynesia,1/19/2020,,,0,0,0,0
Solomon Islands,1/19/2020,,,0,0,0,0
Marshall Islands,1/19/2020,,,0,0,0,0
Australia,1/19/2020,,,0,0,0,0
New Caledonia,1/19/2020,,,0,0,0,0
Fiji,1/19/2020,,,0,0,0,0
Papua New Guinea,1/19/2020,,,0,0,0,0
New Zealand,1/19/2020,,,0,0,0,0
Wallis and Futuna,1/19/2020,,,0,,,0
Fiji,1/20/2020,,,0,0,0,0
New Caledonia,1/20/2020,,,0,0,0,0
Marshall Islands,1/20/2020,,,0,0,0,0
Solomon Islands,1/20/2020,,,0,0,0,0
French Polynesia,1/20/2020,,,0,0,0,0
New Zealand,1/20/2020,,,0,0,0,0
Australia,1/20/2020,,,0,0,0,0
Papua New Guinea,1/20/2020,,,0,0,0,0
Wallis and Futuna,1/20/2020,,,0,,,0
Fiji,1/21/2020,,,0,0,0,0
Wallis and Futuna,1/21/2020,,,0,,,0
New Zealand,1/21/2020,,,0,0,0,0
Marshall Islands,1/21/2020,,,0,0,0,0
New Caledonia,1/21/2020,,,0,0,0,0
Solomon Islands,1/21/2020,,,0,0,0,0
French Polynesia,1/21/2020,,,0,0,0,0
Papua New Guinea,1/21/2020,,,0,0,0,0
Australia,1/21/2020,,,0,0,0,0
Wallis and Futuna,1/22/2020,,,0,,,0
New Caledonia,1/22/2020,,,0,0,0,0
Marshall Islands,1/22/2020,,,0,0,0,0
Fiji,1/22/2020,,,0,0,0,0
Solomon Islands,1/22/2020,,,0,0,0,0
Papua New Guinea,1/22/2020,,,0,0,0,0
Australia,1/22/2020,,,0,0,0,0
French Polynesia,1/22/2020,,,0,0,0,0
New Zealand,1/22/2020,,,0,0,0,0
Solomon Islands,1/23/2020,,,0,0,0,0
New Zealand,1/23/2020,,,0,0,0,0
French Polynesia,1/23/2020,,,0,0,0,0
Papua New Guinea,1/23/2020,,,0,0,0,0
Marshall Islands,1/23/2020,,,0,0,0,0
New Caledonia,1/23/2020,,,0,0,0,0
Wallis and Futuna,1/23/2020,,,0,,,0
Australia,1/23/2020,,,0,0,0,0
Fiji,1/23/2020,,,0,0,0,0
Fiji,1/24/2020,,,0,0,0,0
Wallis and Futuna,1/24/2020,,,0,,,0
Marshall Islands,1/24/2020,,,0,0,0,0
New Zealand,1/24/2020,,,0,0,0,0
Australia,1/24/2020,,,0,0,0,0
French Polynesia,1/24/2020,,,0,0,0,0
New Caledonia,1/24/2020,,,0,0,0,0
Papua New Guinea,1/24/2020,,,0,0,0,0
Solomon Islands,1/24/2020,,,0,0,0,0
Australia,1/25/2020,,,1,0,1,0
Solomon Islands,1/25/2020,,,0,0,0,0
Wallis and Futuna,1/25/2020,,,0,,,0
Fiji,1/25/2020,,,0,0,0,0
New Zealand,1/25/2020,,,0,0,0,0
New Caledonia,1/25/2020,,,0,0,0,0
Papua New Guinea,1/25/2020,,,0,0,0,0
Marshall Islands,1/25/2020,,,0,0,0,0
French Polynesia,1/25/2020,,,0,0,0,0
Solomon Islands,1/26/2020,,,0,0,0,0
Australia,1/26/2020,,,3,0,4,0
Wallis and Futuna,1/26/2020,,,0,,,0
Papua New Guinea,1/26/2020,,,0,0,0,0
Fiji,1/26/2020,,,0,0,0,0
French Polynesia,1/26/2020,,,0,0,0,0
New Caledonia,1/26/2020,,,0,0,0,0
Marshall Islands,1/26/2020,,,0,0,0,0
New Zealand,1/26/2020,,,0,0,0,0
Solomon Islands,1/27/2020,,,0,0,0,0
French Polynesia,1/27/2020,,,0,0,0,0
Fiji,1/27/2020,,,0,0,0,0
Marshall Islands,1/27/2020,,,0,0,0,0
Australia,1/27/2020,,,0,0,4,0
New Caledonia,1/27/2020,,,0,0,0,0
Papua New Guinea,1/27/2020,,,0,0,0,0
New Zealand,1/27/2020,,,0,0,0,0
Wallis and Futuna,1/27/2020,,,0,,,0
Papua New Guinea,1/28/2020,,,0,0,0,0
Marshall Islands,1/28/2020,,,0,0,0,0
New Caledonia,1/28/2020,,,0,0,0,0
French Polynesia,1/28/2020,,,0,0,0,0
Wallis and Futuna,1/28/2020,,,0,,,0
Fiji,1/28/2020,,,0,0,0,0
Solomon Islands,1/28/2020,,,0,0,0,0
Australia,1/28/2020,,,0,0,4,0
New Zealand,1/28/2020,,,0,0,0,0
Marshall Islands,1/29/2020,,,0,0,0,0
Fiji,1/29/2020,,,0,0,0,0
New Zealand,1/29/2020,,,0,0,0,0
Papua New Guinea,1/29/2020,,,0,0,0,0
Australia,1/29/2020,,,0,0,4,0
French Polynesia,1/29/2020,,,0,0,0,0
Solomon Islands,1/29/2020,,,0,0,0,0
New Caledonia,1/29/2020,,,0,0,0,0
Wallis and Futuna,1/29/2020,,,0,,,0
Papua New Guinea,1/30/2020,,,0,0,0,0
Wallis and Futuna,1/30/2020,,,0,,,0
Marshall Islands,1/30/2020,,,0,0,0,0
New Zealand,1/30/2020,,,0,0,0,0
French Polynesia,1/30/2020,,,0,0,0,0
New Caledonia,1/30/2020,,,0,0,0,0
Australia,1/30/2020,,,2,0,6,0
Fiji,1/30/2020,,,0,0,0,0
Solomon Islands,1/30/2020,,,0,0,0,0
Marshall Islands,1/31/2020,,,0,0,0,0
Fiji,1/31/2020,,,0,0,0,0
Papua New Guinea,1/31/2020,,,0,0,0,0
Wallis and Futuna,1/31/2020,,,0,,,0
New Caledonia,1/31/2020,,,0,0,0,0
Australia,1/31/2020,,,1,0,7,0
New Zealand,1/31/2020,,,0,0,0,0
French Polynesia,1/31/2020,,,0,0,0,0
Solomon Islands,1/31/2020,,,0,0,0,0
Fiji,2/1/2020,,,0,0,0,0
Wallis and Futuna,2/1/2020,,,0,,,0
French Polynesia,2/1/2020,,,0,0,0,0
New Caledonia,2/1/2020,,,0,0,0,0
New Zealand,2/1/2020,,,0,0,0,0
Australia,2/1/2020,,,2,0,9,0
Solomon Islands,2/1/2020,,,0,0,0,0
Marshall Islands,2/1/2020,,,0,0,0,0
Papua New Guinea,2/1/2020,,,0,0,0,0
Fiji,2/2/2020,,,0,0,0,0
Papua New Guinea,2/2/2020,,,0,0,0,0
Australia,2/2/2020,,,2,0,11,0
New Caledonia,2/2/2020,,,0,0,0,0
Wallis and Futuna,2/2/2020,,,0,,,0
Marshall Islands,2/2/2020,,,0,0,0,0
New Zealand,2/2/2020,,,0,0,0,0
Solomon Islands,2/2/2020,,,0,0,0,0
French Polynesia,2/2/2020,,,0,0,0,0
Fiji,2/3/2020,,,0,0,0,0
Papua New Guinea,2/3/2020,,,0,0,0,0
Australia,2/3/2020,,,0,0,11,0
Solomon Islands,2/3/2020,,,0,0,0,0
French Polynesia,2/3/2020,,,0,0,0,0
New Caledonia,2/3/2020,,,0,0,0,0
Wallis and Futuna,2/3/2020,,,0,,,0
New Zealand,2/3/2020,,,0,0,0,0
Marshall Islands,2/3/2020,,,0,0,0,0
Australia,2/4/2020,,,0,0,11,0
Marshall Islands,2/4/2020,,,0,0,0,0
Fiji,2/4/2020,,,0,0,0,0
New Caledonia,2/4/2020,,,0,0,0,0
Wallis and Futuna,2/4/2020,,,0,,,0
Papua New Guinea,2/4/2020,,,0,0,0,0
New Zealand,2/4/2020,,,0,0,0,0
French Polynesia,2/4/2020,,,0,0,0,0
Solomon Islands,2/4/2020,,,0,0,0,0
Solomon Islands,2/5/2020,,,0,0,0,0
Papua New Guinea,2/5/2020,,,0,0,0,0
Marshall Islands,2/5/2020,,,0,0,0,0
Fiji,2/5/2020,,,0,0,0,0
French Polynesia,2/5/2020,,,0,0,0,0
Wallis and Futuna,2/5/2020,,,0,,,0
New Zealand,2/5/2020,,,0,0,0,0
New Caledonia,2/5/2020,,,0,0,0,0
Australia,2/5/2020,,,1,0,12,0
French Polynesia,2/6/2020,,,0,0,0,0
Fiji,2/6/2020,,,0,0,0,0
New Caledonia,2/6/2020,,,0,0,0,0
New Zealand,2/6/2020,,,0,0,0,0
Solomon Islands,2/6/2020,,,0,0,0,0
Marshall Islands,2/6/2020,,,0,0,0,0
Australia,2/6/2020,,,1,0,13,0
Papua New Guinea,2/6/2020,,,0,0,0,0
Wallis and Futuna,2/6/2020,,,0,,,0
Fiji,2/7/2020,,,0,0,0,0
New Zealand,2/7/2020,,,0,0,0,0
Papua New Guinea,2/7/2020,,,0,0,0,0
French Polynesia,2/7/2020,,,0,0,0,0
Wallis and Futuna,2/7/2020,,,0,,,0
Australia,2/7/2020,,,1,0,14,0
Marshall Islands,2/7/2020,,,0,0,0,0
New Caledonia,2/7/2020,,,0,0,0,0
Solomon Islands,2/7/2020,,,0,0,0,0
Fiji,2/8/2020,,,0,0,0,0
Solomon Islands,2/8/2020,,,0,0,0,0
French Polynesia,2/8/2020,,,0,0,0,0
New Caledonia,2/8/2020,,,0,0,0,0
Marshall Islands,2/8/2020,,,0,0,0,0
Papua New Guinea,2/8/2020,,,0,0,0,0
Wallis and Futuna,2/8/2020,,,0,,,0
New Zealand,2/8/2020,,,0,0,0,0
Australia,2/8/2020,,,0,0,14,0
Marshall Islands,2/9/2020,,,0,0,0,0
Australia,2/9/2020,,,0,0,14,0
Papua New Guinea,2/9/2020,,,0,0,0,0
New Zealand,2/9/2020,,,0,0,0,0
New Caledonia,2/9/2020,,,0,0,0,0
Fiji,2/9/2020,,,0,0,0,0
Solomon Islands,2/9/2020,,,0,0,0,0
French Polynesia,2/9/2020,,,0,0,0,0
Wallis and Futuna,2/9/2020,,,0,,,0
New Caledonia,2/10/2020,,,0,0,0,0
Papua New Guinea,2/10/2020,,,0,0,0,0
French Polynesia,2/10/2020,,,0,0,0,0
Australia,2/10/2020,,,0,0,14,0
Wallis and Futuna,2/10/2020,,,0,,,0
Marshall Islands,2/10/2020,,,0,0,0,0
New Zealand,2/10/2020,,,0,0,0,0
Fiji,2/10/2020,,,0,0,0,0
Solomon Islands,2/10/2020,,,0,0,0,0
Australia,2/11/2020,,,0,0,14,0
Papua New Guinea,2/11/2020,,,0,0,0,0
Marshall Islands,2/11/2020,,,0,0,0,0
Fiji,2/11/2020,,,0,0,0,0
Wallis and Futuna,2/11/2020,,,0,,,0
New Zealand,2/11/2020,,,0,0,0,0
French Polynesia,2/11/2020,,,0,0,0,0
Solomon Islands,2/11/2020,,,0,0,0,0
New Caledonia,2/11/2020,,,0,0,0,0
Wallis and Futuna,2/12/2020,,,0,,,0
Papua New Guinea,2/12/2020,,,0,0,0,0
Marshall Islands,2/12/2020,,,0,0,0,0
New Caledonia,2/12/2020,,,0,0,0,0
Solomon Islands,2/12/2020,,,0,0,0,0
Fiji,2/12/2020,,,0,0,0,0
Australia,2/12/2020,,,0,0,14,0
New Zealand,2/12/2020,,,0,0,0,0
French Polynesia,2/12/2020,,,0,0,0,0
Solomon Islands,2/13/2020,,,0,0,0,0
Marshall Islands,2/13/2020,,,0,0,0,0
French Polynesia,2/13/2020,,,0,0,0,0
New Zealand,2/13/2020,,,0,0,0,0
Australia,2/13/2020,,,0,0,14,0
Papua New Guinea,2/13/2020,,,0,0,0,0
Fiji,2/13/2020,,,0,0,0,0
New Caledonia,2/13/2020,,,0,0,0,0
Wallis and Futuna,2/13/2020,,,0,,,0
Marshall Islands,2/14/2020,,,0,0,0,0
Fiji,2/14/2020,,,0,0,0,0
Wallis and Futuna,2/14/2020,,,0,,,0
Papua New Guinea,2/14/2020,,,0,0,0,0
New Caledonia,2/14/2020,,,0,0,0,0
French Polynesia,2/14/2020,,,0,0,0,0
Australia,2/14/2020,,,1,0,15,0
New Zealand,2/14/2020,,,0,0,0,0
Solomon Islands,2/14/2020,,,0,0,0,0
Marshall Islands,2/15/2020,,,0,0,0,0
French Polynesia,2/15/2020,,,0,0,0,0
Solomon Islands,2/15/2020,,,0,0,0,0
New Zealand,2/15/2020,,,0,0,0,0
Fiji,2/15/2020,,,0,0,0,0
Australia,2/15/2020,,,0,0,15,0
Wallis and Futuna,2/15/2020,,,0,,,0
Papua New Guinea,2/15/2020,,,0,0,0,0
New Caledonia,2/15/2020,,,0,0,0,0
Wallis and Futuna,2/16/2020,,,0,,,0
New Zealand,2/16/2020,,,0,0,0,0
Australia,2/16/2020,,,0,0,15,0
French Polynesia,2/16/2020,,,0,0,0,0
Fiji,2/16/2020,,,0,0,0,0
Marshall Islands,2/16/2020,,,0,0,0,0
Papua New Guinea,2/16/2020,,,0,0,0,0
New Caledonia,2/16/2020,,,0,0,0,0
Solomon Islands,2/16/2020,,,0,0,0,0
French Polynesia,2/17/2020,,,0,0,0,0
Australia,2/17/2020,,,0,0,15,0
Solomon Islands,2/17/2020,,,0,0,0,0
New Zealand,2/17/2020,,,0,0,0,0
New Caledonia,2/17/2020,,,0,0,0,0
Papua New Guinea,2/17/2020,,,0,0,0,0
Fiji,2/17/2020,,,0,0,0,0
Wallis and Futuna,2/17/2020,,,0,,,0
Marshall Islands,2/17/2020,,,0,0,0,0
Fiji,2/18/2020,,,0,0,0,0
Papua New Guinea,2/18/2020,,,0,0,0,0
Marshall Islands,2/18/2020,,,0,0,0,0
Wallis and Futuna,2/18/2020,,,0,,,0
New Zealand,2/18/2020,,,0,0,0,0
Solomon Islands,2/18/2020,,,0,0,0,0
New Caledonia,2/18/2020,,,0,0,0,0
Australia,2/18/2020,,,0,0,15,0
French Polynesia,2/18/2020,,,0,0,0,0
Papua New Guinea,2/19/2020,,,0,0,0,0
French Polynesia,2/19/2020,,,0,0,0,0
Australia,2/19/2020,,,0,0,15,0
Marshall Islands,2/19/2020,,,0,0,0,0
Fiji,2/19/2020,,,0,0,0,0
New Zealand,2/19/2020,,,0,0,0,0
Wallis and Futuna,2/19/2020,,,0,,,0
New Caledonia,2/19/2020,,,0,0,0,0
Solomon Islands,2/19/2020,,,0,0,0,0
Fiji,2/20/2020,,,0,0,0,0
Marshall Islands,2/20/2020,,,0,0,0,0
Solomon Islands,2/20/2020,,,0,0,0,0
Papua New Guinea,2/20/2020,,,0,0,0,0
New Zealand,2/20/2020,,,0,0,0,0
French Polynesia,2/20/2020,,,0,0,0,0
New Caledonia,2/20/2020,,,0,0,0,0
Wallis and Futuna,2/20/2020,,,0,,,0
Australia,2/20/2020,,,0,0,15,0
Fiji,2/21/2020,,,0,0,0,0
Marshall Islands,2/21/2020,,,0,0,0,0
New Caledonia,2/21/2020,,,0,0,0,0
Wallis and Futuna,2/21/2020,,,0,,,0
Solomon Islands,2/21/2020,,,0,0,0,0
French Polynesia,2/21/2020,,,0,0,0,0
Australia,2/21/2020,,,2,0,17,0
Papua New Guinea,2/21/2020,,,0,0,0,0
New Zealand,2/21/2020,,,0,0,0,0
Marshall Islands,2/22/2020,,,0,0,0,0
New Caledonia,2/22/2020,,,0,0,0,0
New Zealand,2/22/2020,,,0,0,0,0
Australia,2/22/2020,,,4,0,21,0
Solomon Islands,2/22/2020,,,0,0,0,0
Fiji,2/22/2020,,,0,0,0,0
French Polynesia,2/22/2020,,,0,0,0,0
Papua New Guinea,2/22/2020,,,0,0,0,0
Wallis and Futuna,2/22/2020,,,0,,,0
Wallis and Futuna,2/23/2020,,,0,,,0
Fiji,2/23/2020,,,0,0,0,0
Australia,2/23/2020,,,1,0,22,0
New Zealand,2/23/2020,,,0,0,0,0
Solomon Islands,2/23/2020,,,0,0,0,0
Marshall Islands,2/23/2020,,,0,0,0,0
Papua New Guinea,2/23/2020,,,0,0,0,0
New Caledonia,2/23/2020,,,0,0,0,0
French Polynesia,2/23/2020,,,0,0,0,0
Papua New Guinea,2/24/2020,,,0,0,0,0
New Zealand,2/24/2020,,,0,0,0,0
Solomon Islands,2/24/2020,,,0,0,0,0
Australia,2/24/2020,,,0,0,22,0
New Caledonia,2/24/2020,,,0,0,0,0
Marshall Islands,2/24/2020,,,0,0,0,0
French Polynesia,2/24/2020,,,0,0,0,0
Fiji,2/24/2020,,,0,0,0,0
Wallis and Futuna,2/24/2020,,,0,,,0
Australia,2/25/2020,,,0,0,22,0
Solomon Islands,2/25/2020,,,0,0,0,0
Wallis and Futuna,2/25/2020,,,0,,,0
French Polynesia,2/25/2020,,,0,0,0,0
Marshall Islands,2/25/2020,,,0,0,0,0
New Zealand,2/25/2020,,,0,0,0,0
New Caledonia,2/25/2020,,,0,0,0,0
Papua New Guinea,2/25/2020,,,0,0,0,0
Fiji,2/25/2020,,,0,0,0,0
Papua New Guinea,2/26/2020,,,0,0,0,0
French Polynesia,2/26/2020,,,0,0,0,0
Australia,2/26/2020,,,0,0,22,0
Solomon Islands,2/26/2020,,,0,0,0,0
New Zealand,2/26/2020,,,0,0,0,0
Marshall Islands,2/26/2020,,,0,0,0,0
Fiji,2/26/2020,,,0,0,0,0
New Caledonia,2/26/2020,,,0,0,0,0
Wallis and Futuna,2/26/2020,,,0,,,0
New Zealand,2/27/2020,,,0,0,0,0
Australia,2/27/2020,,,1,0,23,0
Papua New Guinea,2/27/2020,,,0,0,0,0
Fiji,2/27/2020,,,0,0,0,0
French Polynesia,2/27/2020,,,0,0,0,0
Marshall Islands,2/27/2020,,,0,0,0,0
Solomon Islands,2/27/2020,,,0,0,0,0
New Caledonia,2/27/2020,,,0,0,0,0
Wallis and Futuna,2/27/2020,,,0,,,0
Australia,2/28/2020,,,0,0,23,0
New Zealand,2/28/2020,,,1,0,1,0
Solomon Islands,2/28/2020,,,0,0,0,0
Marshall Islands,2/28/2020,,,0,0,0,0
New Caledonia,2/28/2020,,,0,0,0,0
French Polynesia,2/28/2020,,,0,0,0,0
Fiji,2/28/2020,,,0,0,0,0
Papua New Guinea,2/28/2020,,,0,0,0,0
Wallis and Futuna,2/28/2020,,,0,,,0
French Polynesia,2/29/2020,,,0,0,0,0
Australia,2/29/2020,,,2,0,25,0
New Zealand,2/29/2020,,,0,0,1,0
Fiji,2/29/2020,,,0,0,0,0
New Caledonia,2/29/2020,,,0,0,0,0
Marshall Islands,2/29/2020,,,0,0,0,0
Solomon Islands,2/29/2020,,,0,0,0,0
Wallis and Futuna,2/29/2020,,,0,,,0
Papua New Guinea,2/29/2020,,,0,0,0,0
Marshall Islands,3/1/2020,,,0,0,0,0
Solomon Islands,3/1/2020,,,0,0,0,0
New Caledonia,3/1/2020,,,0,0,0,0
Fiji,3/1/2020,,,0,0,0,0
Wallis and Futuna,3/1/2020,,,0,,,0
New Zealand,3/1/2020,,,0,0,1,0
Papua New Guinea,3/1/2020,,,0,0,0,0
Australia,3/1/2020,,,1,1,26,1
French Polynesia,3/1/2020,,,0,0,0,0
Australia,3/2/2020,,,3,1,29,0
Fiji,3/2/2020,,,0,0,0,0
Solomon Islands,3/2/2020,,,0,0,0,0
New Caledonia,3/2/2020,,,0,0,0,0
French Polynesia,3/2/2020,,,0,0,0,0
New Zealand,3/2/2020,,,0,0,1,0
Papua New Guinea,3/2/2020,,,0,0,0,0
Marshall Islands,3/2/2020,,,0,0,0,0
Wallis and Futuna,3/2/2020,,,0,,,0
Papua New Guinea,3/3/2020,,,0,0,0,0
French Polynesia,3/3/2020,,,0,0,0,0
Fiji,3/3/2020,,,0,0,0,0
New Zealand,3/3/2020,,,0,0,1,0
Australia,3/3/2020,,,4,1,33,0
Solomon Islands,3/3/2020,,,0,0,0,0
Wallis and Futuna,3/3/2020,,,0,,,0
Marshall Islands,3/3/2020,,,0,0,0,0
New Caledonia,3/3/2020,,,0,0,0,0
New Zealand,3/4/2020,,,1,0,2,0
Marshall Islands,3/4/2020,,,0,0,0,0
Papua New Guinea,3/4/2020,,,0,0,0,0
Australia,3/4/2020,,,8,1,41,0
Fiji,3/4/2020,,,0,0,0,0
Solomon Islands,3/4/2020,,,0,0,0,0
New Caledonia,3/4/2020,,,0,0,0,0
Wallis and Futuna,3/4/2020,,,0,,,0
French Polynesia,3/4/2020,,,0,0,0,0
Australia,3/5/2020,,,11,2,52,1
Papua New Guinea,3/5/2020,,,0,0,0,0
Wallis and Futuna,3/5/2020,,,0,,,0
Fiji,3/5/2020,,,0,0,0,0
Marshall Islands,3/5/2020,,,0,0,0,0
Solomon Islands,3/5/2020,,,0,0,0,0
French Polynesia,3/5/2020,,,0,0,0,0
New Caledonia,3/5/2020,,,0,0,0,0
New Zealand,3/5/2020,,,1,0,3,0
New Caledonia,3/6/2020,,,0,0,0,0
New Zealand,3/6/2020,,,1,0,4,0
French Polynesia,3/6/2020,,,0,0,0,0
Fiji,3/6/2020,,,0,0,0,0
Wallis and Futuna,3/6/2020,,,0,,,0
Papua New Guinea,3/6/2020,,,0,0,0,0
Marshall Islands,3/6/2020,,,0,0,0,0
Solomon Islands,3/6/2020,,,0,0,0,0
Australia,3/6/2020,,,7,2,59,0
Wallis and Futuna,3/7/2020,,,0,,,0
New Zealand,3/7/2020,,,1,0,5,0
Papua New Guinea,3/7/2020,,,0,0,0,0
Australia,3/7/2020,,,4,2,63,0
New Caledonia,3/7/2020,,,0,0,0,0
Fiji,3/7/2020,,,0,0,0,0
Solomon Islands,3/7/2020,,,0,0,0,0
Marshall Islands,3/7/2020,,,0,0,0,0
French Polynesia,3/7/2020,,,0,0,0,0
Wallis and Futuna,3/8/2020,,,0,,,0
Solomon Islands,3/8/2020,,,0,0,0,0
Australia,3/8/2020,,,11,3,74,1
Fiji,3/8/2020,,,0,0,0,0
French Polynesia,3/8/2020,,,0,0,0,0
Papua New Guinea,3/8/2020,,,0,0,0,0
New Zealand,3/8/2020,,,0,0,5,0
Marshall Islands,3/8/2020,,,0,0,0,0
New Caledonia,3/8/2020,,,0,0,0,0
Marshall Islands,3/9/2020,,,0,0,0,0
French Polynesia,3/9/2020,,,0,0,0,0
New Zealand,3/9/2020,,,0,0,5,0
Solomon Islands,3/9/2020,,,0,0,0,0
Wallis and Futuna,3/9/2020,,,0,,,0
Papua New Guinea,3/9/2020,,,0,0,0,0
Fiji,3/9/2020,,,0,0,0,0
New Caledonia,3/9/2020,,,0,0,0,0
Australia,3/9/2020,,,6,3,80,0
Marshall Islands,3/10/2020,,,0,0,0,0
Fiji,3/10/2020,,,0,0,0,0
Wallis and Futuna,3/10/2020,,,0,,,0
New Zealand,3/10/2020,,,0,0,5,0
Australia,3/10/2020,,,20,3,100,0
French Polynesia,3/10/2020,,,0,0,0,0
New Caledonia,3/10/2020,,,0,0,0,0
Solomon Islands,3/10/2020,,,0,0,0,0
Papua New Guinea,3/10/2020,,,0,0,0,0
Australia,3/11/2020,,,12,3,112,0
New Zealand,3/11/2020,,,0,0,5,0
Wallis and Futuna,3/11/2020,,,0,,,0
Papua New Guinea,3/11/2020,,,0,0,0,0
Marshall Islands,3/11/2020,,,0,0,0,0
Fiji,3/11/2020,,,0,0,0,0
French Polynesia,3/11/2020,,,0,0,0,0
Solomon Islands,3/11/2020,,,0,0,0,0
New Caledonia,3/11/2020,,,0,0,0,0
Papua New Guinea,3/12/2020,,,0,0,0,0
Australia,3/12/2020,,,14,3,126,0
New Caledonia,3/12/2020,,,0,0,0,0
Marshall Islands,3/12/2020,,,0,0,0,0
French Polynesia,3/12/2020,,,0,0,0,0
Solomon Islands,3/12/2020,,,0,0,0,0
Fiji,3/12/2020,,,0,0,0,0
New Zealand,3/12/2020,,,0,0,5,0
Wallis and Futuna,3/12/2020,,,0,,,0
Wallis and Futuna,3/13/2020,,,0,,,0
New Caledonia,3/13/2020,,,0,0,0,0
Fiji,3/13/2020,,,0,0,0,0
Marshall Islands,3/13/2020,,,0,0,0,0
Solomon Islands,3/13/2020,,,0,0,0,0
Australia,3/13/2020,,,30,3,156,0
French Polynesia,3/13/2020,,,0,0,0,0
New Zealand,3/13/2020,,,0,0,5,0
Papua New Guinea,3/13/2020,,,0,0,0,0
New Caledonia,3/14/2020,,,0,0,0,0
Marshall Islands,3/14/2020,,,0,0,0,0
French Polynesia,3/14/2020,,,0,0,0,0
Solomon Islands,3/14/2020,,,0,0,0,0
Australia,3/14/2020,,,41,3,197,0
Fiji,3/14/2020,,,0,0,0,0
Wallis and Futuna,3/14/2020,,,0,,,0
Papua New Guinea,3/14/2020,,,0,0,0,0
New Zealand,3/14/2020,,,1,0,6,0
New Zealand,3/15/2020,,,2,0,8,0
French Polynesia,3/15/2020,,,0,0,0,0
Fiji,3/15/2020,,,0,0,0,0
Wallis and Futuna,3/15/2020,,,0,,,0
Australia,3/15/2020,,,52,3,249,0
Solomon Islands,3/15/2020,,,0,0,0,0
Marshall Islands,3/15/2020,,,0,0,0,0
New Caledonia,3/15/2020,,,0,0,0,0
Papua New Guinea,3/15/2020,,,0,0,0,0
Wallis and Futuna,3/16/2020,,,0,,,0
New Caledonia,3/16/2020,,,0,0,0,0
Fiji,3/16/2020,,,0,0,0,0
Marshall Islands,3/16/2020,,,0,0,0,0
French Polynesia,3/16/2020,,,0,0,0,0
Solomon Islands,3/16/2020,,,0,0,0,0
New Zealand,3/16/2020,,,0,0,8,0
Papua New Guinea,3/16/2020,,,0,0,0,0
Australia,3/16/2020,,,49,5,298,2
Wallis and Futuna,3/17/2020,,,0,,,0
Papua New Guinea,3/17/2020,,,0,0,0,0
Solomon Islands,3/17/2020,,,0,0,0,0
Australia,3/17/2020,,,77,5,375,0
New Zealand,3/17/2020,,,0,0,8,0
French Polynesia,3/17/2020,,,0,0,0,0
New Caledonia,3/17/2020,,,0,0,0,0
Fiji,3/17/2020,,,0,0,0,0
Marshall Islands,3/17/2020,,,0,0,0,0
Marshall Islands,3/18/2020,,,0,0,0,0
Solomon Islands,3/18/2020,,,0,0,0,0
New Zealand,3/18/2020,,,12,0,20,0
New Caledonia,3/18/2020,,,0,0,0,0
Wallis and Futuna,3/18/2020,,,0,,,0
Australia,3/18/2020,,,79,5,454,0
Papua New Guinea,3/18/2020,,,0,0,0,0
French Polynesia,3/18/2020,,,0,0,0,0
Fiji,3/18/2020,,,0,0,0,0
Papua New Guinea,3/19/2020,,,0,0,0,0
French Polynesia,3/19/2020,,,3,0,3,0
New Zealand,3/19/2020,,,8,0,28,0
Australia,3/19/2020,,,111,6,565,1
Marshall Islands,3/19/2020,,,0,0,0,0
Solomon Islands,3/19/2020,,,0,0,0,0
Fiji,3/19/2020,,,0,0,0,0
Wallis and Futuna,3/19/2020,,,0,,,0
New Caledonia,3/19/2020,,,0,0,0,0
Fiji,3/20/2020,,,1,0,1,0
Papua New Guinea,3/20/2020,,,0,0,0,0
Australia,3/20/2020,,,144,6,709,0
Wallis and Futuna,3/20/2020,,,0,,,0
French Polynesia,3/20/2020,,,0,0,3,0
New Zealand,3/20/2020,,,11,0,39,0
New Caledonia,3/20/2020,,,0,0,0,0
Marshall Islands,3/20/2020,,,0,0,0,0
Solomon Islands,3/20/2020,,,0,0,0,0
Papua New Guinea,3/21/2020,,,1,0,1,0
New Caledonia,3/21/2020,,,2,0,2,0
Marshall Islands,3/21/2020,,,0,0,0,0
French Polynesia,3/21/2020,,,12,0,15,0
Fiji,3/21/2020,,,0,0,1,0
Solomon Islands,3/21/2020,,,0,0,0,0
Australia,3/21/2020,,,165,7,874,1
Wallis and Futuna,3/21/2020,,,0,,,0
New Zealand,3/21/2020,,,14,0,53,0
New Zealand,3/22/2020,,,13,0,66,0
Fiji,3/22/2020,,,1,0,2,0
Solomon Islands,3/22/2020,,,0,0,0,0
Marshall Islands,3/22/2020,,,0,0,0,0
Papua New Guinea,3/22/2020,,,0,0,1,0
Wallis and Futuna,3/22/2020,,,0,,,0
New Caledonia,3/22/2020,,,2,0,4,0
French Polynesia,3/22/2020,,,2,0,17,0
Australia,3/22/2020,,,224,7,1098,0
Marshall Islands,3/23/2020,,,0,0,0,0
Solomon Islands,3/23/2020,,,0,0,0,0
Wallis and Futuna,3/23/2020,,,0,,,0
New Zealand,3/23/2020,,,36,0,102,0
New Caledonia,3/23/2020,,,1,0,5,0
Fiji,3/23/2020,,,1,0,3,0
French Polynesia,3/23/2020,,,1,0,18,0
Australia,3/23/2020,,,611,7,1709,0
Papua New Guinea,3/23/2020,,,0,0,1,0
Papua New Guinea,3/24/2020,,,0,0,1,0
Solomon Islands,3/24/2020,,,0,0,0,0
Marshall Islands,3/24/2020,,,0,0,0,0
Australia,3/24/2020,,,114,7,1823,0
New Zealand,3/24/2020,,,40,0,142,0
Wallis and Futuna,3/24/2020,,,0,,,0
French Polynesia,3/24/2020,,,5,0,23,0
Fiji,3/24/2020,,,1,0,4,0
New Caledonia,3/24/2020,,,2,0,7,0
Marshall Islands,3/25/2020,,,0,0,0,0
Papua New Guinea,3/25/2020,,,0,0,1,0
Fiji,3/25/2020,,,1,0,5,0
New Zealand,3/25/2020,,,47,0,189,0
Wallis and Futuna,3/25/2020,,,0,,,0
Australia,3/25/2020,,,600,8,2423,1
French Polynesia,3/25/2020,,,2,0,25,0
Solomon Islands,3/25/2020,,,0,0,0,0
New Caledonia,3/25/2020,,,2,0,9,0
Solomon Islands,3/26/2020,,,0,0,0,0
Wallis and Futuna,3/26/2020,,,0,,,0
New Zealand,3/26/2020,,,73,0,262,0
Marshall Islands,3/26/2020,,,0,0,0,0
French Polynesia,3/26/2020,,,0,0,25,0
Fiji,3/26/2020,,,0,0,5,0
Australia,3/26/2020,,,376,11,2799,3
New Caledonia,3/26/2020,,,5,0,14,0
Papua New Guinea,3/26/2020,,,0,0,1,0
Papua New Guinea,3/27/2020,,,0,0,1,0
Australia,3/27/2020,,,367,13,3166,2
Fiji,3/27/2020,,,0,0,5,0
Wallis and Futuna,3/27/2020,,,0,,,0
Solomon Islands,3/27/2020,,,0,0,0,0
French Polynesia,3/27/2020,,,5,0,30,0
Marshall Islands,3/27/2020,,,0,0,0,0
New Zealand,3/27/2020,,,76,0,338,0
New Caledonia,3/27/2020,,,1,0,15,0
French Polynesia,3/28/2020,,,0,0,30,0
Wallis and Futuna,3/28/2020,,,0,,,0
New Caledonia,3/28/2020,,,0,0,15,0
Australia,3/28/2020,,,212,13,3378,0
Marshall Islands,3/28/2020,,,0,0,0,0
Papua New Guinea,3/28/2020,,,0,0,1,0
Fiji,3/28/2020,,,0,0,5,0
New Zealand,3/28/2020,,,78,0,416,0
Solomon Islands,3/28/2020,,,0,0,0,0
New Caledonia,3/29/2020,,,0,0,15,0
Fiji,3/29/2020,,,0,0,5,0
Australia,3/29/2020,,,431,14,3809,1
New Zealand,3/29/2020,,,60,1,476,1
Marshall Islands,3/29/2020,,,0,0,0,0
Wallis and Futuna,3/29/2020,,,0,,,0
Solomon Islands,3/29/2020,,,0,0,0,0
French Polynesia,3/29/2020,,,4,0,34,0
Papua New Guinea,3/29/2020,,,0,0,1,0
Wallis and Futuna,3/30/2020,,,0,,,0
New Zealand,3/30/2020,,,76,1,552,0
Australia,3/30/2020,,,284,16,4093,2
Marshall Islands,3/30/2020,,,0,0,0,0
New Caledonia,3/30/2020,,,0,0,15,0
French Polynesia,3/30/2020,,,1,0,35,0
Fiji,3/30/2020,,,0,0,5,0
Papua New Guinea,3/30/2020,,,0,0,1,0
Solomon Islands,3/30/2020,,,0,0,0,0
Solomon Islands,3/31/2020,,,0,0,0,0
New Caledonia,3/31/2020,,,1,0,16,0
Wallis and Futuna,3/31/2020,,,0,,,0
Marshall Islands,3/31/2020,,,0,0,0,0
Fiji,3/31/2020,,,0,0,5,0
French Polynesia,3/31/2020,,,1,0,36,0
Australia,3/31/2020,,,464,19,4557,3
Papua New Guinea,3/31/2020,,,0,0,1,0
New Zealand,3/31/2020,,,95,1,647,0
Australia,4/1/2020,,,150,20,4707,1
New Caledonia,4/1/2020,,,0,0,16,0
French Polynesia,4/1/2020,,,1,0,37,0
Fiji,4/1/2020,,,0,0,5,0
Papua New Guinea,4/1/2020,,,0,0,1,0
Solomon Islands,4/1/2020,,,0,0,0,0
New Zealand,4/1/2020,,,0,1,647,0
Marshall Islands,4/1/2020,,,0,0,0,0
Wallis and Futuna,4/1/2020,,,0,,,0
Wallis and Futuna,4/2/2020,,,0,,,0
French Polynesia,4/2/2020,,,0,0,37,0
Australia,4/2/2020,,,269,21,4976,1
New Zealand,4/2/2020,,,76,1,723,0
Marshall Islands,4/2/2020,,,0,0,0,0
Papua New Guinea,4/2/2020,,,0,0,1,0
Solomon Islands,4/2/2020,,,0,0,0,0
New Caledonia,4/2/2020,,,0,0,16,0
Fiji,4/2/2020,,,2,0,7,0
Wallis and Futuna,4/3/2020,,,0,,,0
New Caledonia,4/3/2020,,,0,0,16,0
Fiji,4/3/2020,,,0,0,7,0
Solomon Islands,4/3/2020,,,0,0,0,0
Papua New Guinea,4/3/2020,,,0,0,1,0
French Polynesia,4/3/2020,,,0,0,37,0
Marshall Islands,4/3/2020,,,0,0,0,0
New Zealand,4/3/2020,,,49,1,772,0
Australia,4/3/2020,,,248,23,5224,2
Solomon Islands,4/4/2020,,,0,0,0,0
Papua New Guinea,4/4/2020,,,0,0,1,0
Fiji,4/4/2020,,,5,0,12,0
Wallis and Futuna,4/4/2020,,,0,,,0
Marshall Islands,4/4/2020,,,0,0,0,0
Australia,4/4/2020,,,324,30,5548,7
New Zealand,4/4/2020,,,52,1,824,0
French Polynesia,4/4/2020,,,2,0,39,0
New Caledonia,4/4/2020,,,2,0,18,0
New Caledonia,4/5/2020,,,0,0,18,0
French Polynesia,4/5/2020,,,1,0,40,0
New Zealand,4/5/2020,,,48,1,872,0
Fiji,4/5/2020,,,0,0,12,0
Wallis and Futuna,4/5/2020,,,0,,,0
Solomon Islands,4/5/2020,,,0,0,0,0
Marshall Islands,4/5/2020,,,0,0,0,0
Papua New Guinea,4/5/2020,,,0,0,1,0
Australia,4/5/2020,,,139,34,5687,4
Wallis and Futuna,4/6/2020,,,0,,,0
Australia,4/6/2020,,,57,36,5744,2
Fiji,4/6/2020,,,2,0,14,0
Marshall Islands,4/6/2020,,,0,0,0,0
French Polynesia,4/6/2020,,,1,0,41,0
New Zealand,4/6/2020,,,39,1,911,0
Papua New Guinea,4/6/2020,,,0,0,1,0
Solomon Islands,4/6/2020,,,0,0,0,0
New Caledonia,4/6/2020,,,0,0,18,0
French Polynesia,4/7/2020,,,0,0,41,0
New Caledonia,4/7/2020,,,0,0,18,0
New Zealand,4/7/2020,,,32,1,943,0
Fiji,4/7/2020,,,0,0,14,0
Solomon Islands,4/7/2020,,,0,0,0,0
Wallis and Futuna,4/7/2020,,,0,,,0
Australia,4/7/2020,,,100,42,5844,6
Papua New Guinea,4/7/2020,,,0,0,1,0
Marshall Islands,4/7/2020,,,0,0,0,0
Wallis and Futuna,4/8/2020,,,0,,,0
Marshall Islands,4/8/2020,,,0,0,0,0
Australia,4/8/2020,,,112,45,5956,3
French Polynesia,4/8/2020,,,6,0,47,0
Papua New Guinea,4/8/2020,,,1,0,2,0
New Zealand,4/8/2020,,,26,1,969,0
New Caledonia,4/8/2020,,,0,0,18,0
Solomon Islands,4/8/2020,,,0,0,0,0
Fiji,4/8/2020,,,1,0,15,0
Australia,4/9/2020,,,96,50,6052,5
Papua New Guinea,4/9/2020,,,0,0,2,0
Wallis and Futuna,4/9/2020,,,0,,,0
New Zealand,4/9/2020,,,23,1,992,0
Fiji,4/9/2020,,,0,0,15,0
Solomon Islands,4/9/2020,,,0,0,0,0
French Polynesia,4/9/2020,,,4,0,51,0
New Caledonia,4/9/2020,,,0,0,18,0
Marshall Islands,4/9/2020,,,0,0,0,0
Solomon Islands,4/10/2020,,,0,0,0,0
New Zealand,4/10/2020,,,23,2,1015,1
Wallis and Futuna,4/10/2020,,,0,,,0
Papua New Guinea,4/10/2020,,,0,0,2,0
New Caledonia,4/10/2020,,,0,0,18,0
Australia,4/10/2020,,,100,52,6152,2
French Polynesia,4/10/2020,,,0,0,51,0
Marshall Islands,4/10/2020,,,0,0,0,0
Fiji,4/10/2020,,,0,0,15,0
French Polynesia,4/11/2020,,,0,0,51,0
Wallis and Futuna,4/11/2020,,,0,,,0
Australia,4/11/2020,,,86,54,6238,2
New Zealand,4/11/2020,,,20,4,1035,2
New Caledonia,4/11/2020,,,0,0,18,0
Fiji,4/11/2020,,,1,0,16,0
Solomon Islands,4/11/2020,,,0,0,0,0
Papua New Guinea,4/11/2020,,,0,0,2,0
Marshall Islands,4/11/2020,,,0,0,0,0
Papua New Guinea,4/12/2020,,,0,0,2,0
Australia,4/12/2020,,,51,57,6289,3
New Caledonia,4/12/2020,,,0,0,18,0
Solomon Islands,4/12/2020,,,0,0,0,0
Fiji,4/12/2020,,,0,0,16,0
Wallis and Futuna,4/12/2020,,,0,,,0
Marshall Islands,4/12/2020,,,0,0,0,0
French Polynesia,4/12/2020,,,0,0,51,0
New Zealand,4/12/2020,,,14,4,1049,0
Papua New Guinea,4/13/2020,,,0,0,2,0
Marshall Islands,4/13/2020,,,0,0,0,0
Fiji,4/13/2020,,,0,0,16,0
New Zealand,4/13/2020,,,15,5,1064,1
New Caledonia,4/13/2020,,,0,0,18,0
Australia,4/13/2020,,,33,61,6322,4
Solomon Islands,4/13/2020,,,0,0,0,0
Wallis and Futuna,4/13/2020,,,0,,,0
French Polynesia,4/13/2020,,,2,0,53,0
New Caledonia,4/14/2020,,,0,0,18,0
Fiji,4/14/2020,,,0,0,16,0
French Polynesia,4/14/2020,,,2,0,55,0
Marshall Islands,4/14/2020,,,0,0,0,0
Papua New Guinea,4/14/2020,,,0,0,2,0
Solomon Islands,4/14/2020,,,0,0,0,0
Australia,4/14/2020,,,44,61,6366,0
New Zealand,4/14/2020,,,8,9,1072,4
Wallis and Futuna,4/14/2020,,,0,,,0
Australia,4/15/2020,,,50,61,6416,0
Wallis and Futuna,4/15/2020,,,0,,,0
New Zealand,4/15/2020,,,6,9,1078,0
French Polynesia,4/15/2020,,,0,0,55,0
Marshall Islands,4/15/2020,,,0,0,0,0
Fiji,4/15/2020,,,0,0,16,0
Solomon Islands,4/15/2020,,,0,0,0,0
New Caledonia,4/15/2020,,,0,0,18,0
Papua New Guinea,4/15/2020,,,0,0,2,0
New Caledonia,4/16/2020,,,0,0,18,0
New Zealand,4/16/2020,,,6,9,1084,0
Fiji,4/16/2020,,,0,0,16,0
Solomon Islands,4/16/2020,,,0,0,0,0
Marshall Islands,4/16/2020,,,0,0,0,0
Papua New Guinea,4/16/2020,,,0,0,2,0
Australia,4/16/2020,,,42,63,6458,2
French Polynesia,4/16/2020,,,0,0,55,0
Wallis and Futuna,4/16/2020,,,0,,,0
New Caledonia,4/17/2020,,,0,0,18,0
Australia,4/17/2020,,,39,63,6497,0
Solomon Islands,4/17/2020,,,0,0,0,0
French Polynesia,4/17/2020,,,0,0,55,0
Marshall Islands,4/17/2020,,,0,0,0,0
Wallis and Futuna,4/17/2020,,,0,,,0
Papua New Guinea,4/17/2020,,,5,0,7,0
Fiji,4/17/2020,,,1,0,17,0
New Zealand,4/17/2020,,,2,11,1086,2
Australia,4/18/2020,,,36,67,6533,4
New Caledonia,4/18/2020,,,0,0,18,0
Marshall Islands,4/18/2020,,,0,0,0,0
New Zealand,4/18/2020,,,8,11,1094,0
Fiji,4/18/2020,,,0,0,17,0
Solomon Islands,4/18/2020,,,0,0,0,0
Wallis and Futuna,4/18/2020,,,0,,,0
French Polynesia,4/18/2020,,,0,0,55,0
Papua New Guinea,4/18/2020,,,0,0,7,0
Solomon Islands,4/19/2020,,,0,0,0,0
New Caledonia,4/19/2020,,,0,0,18,0
Australia,4/19/2020,,,53,69,6586,2
New Zealand,4/19/2020,,,4,12,1098,1
Fiji,4/19/2020,,,0,0,17,0
French Polynesia,4/19/2020,,,0,0,55,0
Marshall Islands,4/19/2020,,,0,0,0,0
Wallis and Futuna,4/19/2020,,,0,,,0
Papua New Guinea,4/19/2020,,,0,0,7,0
Australia,4/20/2020,,,26,70,6612,1
Papua New Guinea,4/20/2020,,,0,0,7,0
Marshall Islands,4/20/2020,,,0,0,0,0
Fiji,4/20/2020,,,0,0,17,0
Solomon Islands,4/20/2020,,,0,0,0,0
Wallis and Futuna,4/20/2020,,,0,,,0
New Caledonia,4/20/2020,,,0,0,18,0
New Zealand,4/20/2020,,,7,12,1105,0
French Polynesia,4/20/2020,,,0,0,55,0
Solomon Islands,4/21/2020,,,0,0,0,0
New Zealand,4/21/2020,,,2,13,1107,1
Fiji,4/21/2020,,,1,0,18,0
Papua New Guinea,4/21/2020,,,0,0,7,0
New Caledonia,4/21/2020,,,0,0,18,0
Australia,4/21/2020,,,13,71,6625,1
Wallis and Futuna,4/21/2020,,,0,,,0
French Polynesia,4/21/2020,,,1,0,56,0
Marshall Islands,4/21/2020,,,0,0,0,0
French Polynesia,4/22/2020,,,1,0,57,0
New Caledonia,4/22/2020,,,0,0,18,0
Papua New Guinea,4/22/2020,,,0,0,7,0
Solomon Islands,4/22/2020,,,0,0,0,0
Wallis and Futuna,4/22/2020,,,0,,,0
New Zealand,4/22/2020,,,5,14,1112,1
Fiji,4/22/2020,,,0,0,18,0
Marshall Islands,4/22/2020,,,0,0,0,0
Australia,4/22/2020,,,22,74,6647,3
Fiji,4/23/2020,,,0,0,18,0
New Zealand,4/23/2020,,,0,16,1112,2
French Polynesia,4/23/2020,,,0,0,57,0
Papua New Guinea,4/23/2020,,,1,0,8,0
Australia,4/23/2020,,,7,74,6654,0
Marshall Islands,4/23/2020,,,0,0,0,0
Wallis and Futuna,4/23/2020,,,0,,,0
Solomon Islands,4/23/2020,,,0,0,0,0
New Caledonia,4/23/2020,,,0,0,18,0
French Polynesia,4/24/2020,,,0,0,57,0
Fiji,4/24/2020,,,0,0,18,0
Papua New Guinea,4/24/2020,,,0,0,8,0
Wallis and Futuna,4/24/2020,,,0,,,0
Australia,4/24/2020,,,13,75,6667,1
Marshall Islands,4/24/2020,,,0,0,0,0
New Zealand,4/24/2020,,,2,17,1114,1
New Caledonia,4/24/2020,,,0,0,18,0
Solomon Islands,4/24/2020,,,0,0,0,0
French Polynesia,4/25/2020,,,0,0,57,0
Fiji,4/25/2020,,,0,0,18,0
New Zealand,4/25/2020,,,3,18,1117,1
Australia,4/25/2020,,,20,79,6687,4
Marshall Islands,4/25/2020,,,0,0,0,0
Papua New Guinea,4/25/2020,,,0,0,8,0
Solomon Islands,4/25/2020,,,0,0,0,0
Wallis and Futuna,4/25/2020,,,0,,,0
New Caledonia,4/25/2020,,,0,0,18,0
Australia,4/26/2020,,,16,81,6703,2
Papua New Guinea,4/26/2020,,,0,0,8,0
Solomon Islands,4/26/2020,,,0,0,0,0
New Caledonia,4/26/2020,,,0,0,18,0
French Polynesia,4/26/2020,,,0,0,57,0
Wallis and Futuna,4/26/2020,,,0,,,0
New Zealand,4/26/2020,,,4,18,1121,0
Fiji,4/26/2020,,,0,0,18,0
Marshall Islands,4/26/2020,,,0,0,0,0
New Caledonia,4/27/2020,,,0,0,18,0
Australia,4/27/2020,,,10,83,6713,2
French Polynesia,4/27/2020,,,0,0,57,0
New Zealand,4/27/2020,,,1,19,1122,1
Solomon Islands,4/27/2020,,,0,0,0,0
Papua New Guinea,4/27/2020,,,0,0,8,0
Fiji,4/27/2020,,,0,0,18,0
Wallis and Futuna,4/27/2020,,,0,,,0
Marshall Islands,4/27/2020,,,0,0,0,0
New Zealand,4/28/2020,,,2,19,1124,0
New Caledonia,4/28/2020,,,0,0,18,0
Papua New Guinea,4/28/2020,,,0,0,8,0
Wallis and Futuna,4/28/2020,,,0,,,0
Australia,4/28/2020,,,12,84,6725,1
Solomon Islands,4/28/2020,,,0,0,0,0
Marshall Islands,4/28/2020,,,0,0,0,0
Fiji,4/28/2020,,,0,0,18,0
French Polynesia,4/28/2020,,,1,0,58,0
French Polynesia,4/29/2020,,,0,0,58,0
Australia,4/29/2020,,,13,88,6738,4
Solomon Islands,4/29/2020,,,0,0,0,0
Papua New Guinea,4/29/2020,,,0,0,8,0
Fiji,4/29/2020,,,0,0,18,0
New Caledonia,4/29/2020,,,0,0,18,0
Marshall Islands,4/29/2020,,,0,0,0,0
Wallis and Futuna,4/29/2020,,,0,,,0
New Zealand,4/29/2020,,,2,19,1126,0
Marshall Islands,4/30/2020,,,0,0,0,0
Fiji,4/30/2020,,,0,0,18,0
New Caledonia,4/30/2020,,,0,0,18,0
Australia,4/30/2020,,,8,90,6746,2
Papua New Guinea,4/30/2020,,,0,0,8,0
Solomon Islands,4/30/2020,,,0,0,0,0
Wallis and Futuna,4/30/2020,,,0,,,0
New Zealand,4/30/2020,,,3,19,1129,0
French Polynesia,4/30/2020,,,0,0,58,0
French Polynesia,5/1/2020,,,0,0,58,0
Australia,5/1/2020,,,16,92,6762,2
Marshall Islands,5/1/2020,,,0,0,0,0
Wallis and Futuna,5/1/2020,,,0,,,0
New Zealand,5/1/2020,,,3,19,1132,0
Solomon Islands,5/1/2020,,,0,0,0,0
Fiji,5/1/2020,,,0,0,18,0
Papua New Guinea,5/1/2020,,,0,0,8,0
New Caledonia,5/1/2020,,,0,0,18,0
Marshall Islands,5/2/2020,,,0,0,0,0
Wallis and Futuna,5/2/2020,,,0,,,0
Solomon Islands,5/2/2020,,,0,0,0,0
New Zealand,5/2/2020,,,2,20,1134,1
Papua New Guinea,5/2/2020,,,0,0,8,0
French Polynesia,5/2/2020,,,0,0,58,0
Australia,5/2/2020,,,5,93,6767,1
Fiji,5/2/2020,,,0,0,18,0
New Caledonia,5/2/2020,,,0,0,18,0
Marshall Islands,5/3/2020,,,0,0,0,0
New Caledonia,5/3/2020,,,0,0,18,0
Solomon Islands,5/3/2020,,,0,0,0,0
Fiji,5/3/2020,,,0,0,18,0
New Zealand,5/3/2020,,,2,20,1136,0
Wallis and Futuna,5/3/2020,,,0,,,0
Papua New Guinea,5/3/2020,,,0,0,8,0
French Polynesia,5/3/2020,,,0,0,58,0
Australia,5/3/2020,,,16,93,6783,0
Wallis and Futuna,5/4/2020,,,0,,,0
Solomon Islands,5/4/2020,,,0,0,0,0
Fiji,5/4/2020,,,0,0,18,0
Marshall Islands,5/4/2020,,,0,0,0,0
Papua New Guinea,5/4/2020,,,0,0,8,0
New Zealand,5/4/2020,,,1,20,1137,0
Australia,5/4/2020,,,18,95,6801,2
French Polynesia,5/4/2020,,,0,0,58,0
New Caledonia,5/4/2020,,,0,0,18,0
New Zealand,5/5/2020,,,0,20,1137,0
Solomon Islands,5/5/2020,,,0,0,0,0
Papua New Guinea,5/5/2020,,,0,0,8,0
New Caledonia,5/5/2020,,,0,0,18,0
Fiji,5/5/2020,,,0,0,18,0
Marshall Islands,5/5/2020,,,0,0,0,0
Wallis and Futuna,5/5/2020,,,0,,,0
Australia,5/5/2020,,,24,95,6825,0
French Polynesia,5/5/2020,,,0,0,58,0
Marshall Islands,5/6/2020,,,0,0,0,0
New Caledonia,5/6/2020,,,0,0,18,0
Australia,5/6/2020,,,24,96,6849,1
Solomon Islands,5/6/2020,,,0,0,0,0
New Zealand,5/6/2020,,,1,21,1138,1
Fiji,5/6/2020,,,0,0,18,0
French Polynesia,5/6/2020,,,2,0,60,0
Wallis and Futuna,5/6/2020,,,0,,,0
Papua New Guinea,5/6/2020,,,0,0,8,0
Fiji,5/7/2020,,,0,0,18,0
New Zealand,5/7/2020,,,1,21,1139,0
Solomon Islands,5/7/2020,,,0,0,0,0
New Caledonia,5/7/2020,,,0,0,18,0
Marshall Islands,5/7/2020,,,0,0,0,0
French Polynesia,5/7/2020,,,0,0,60,0
Papua New Guinea,5/7/2020,,,0,0,8,0
Australia,5/7/2020,,,26,97,6875,1
Wallis and Futuna,5/7/2020,,,0,,,0
Papua New Guinea,5/8/2020,,,0,0,8,0
Fiji,5/8/2020,,,0,0,18,0
Marshall Islands,5/8/2020,,,0,0,0,0
Solomon Islands,5/8/2020,,,0,0,0,0
Wallis and Futuna,5/8/2020,,,0,,,0
New Zealand,5/8/2020,,,2,21,1141,0
Australia,5/8/2020,,,21,97,6896,0
New Caledonia,5/8/2020,,,0,0,18,0
French Polynesia,5/8/2020,,,0,0,60,0
Papua New Guinea,5/9/2020,,,0,0,8,0
Wallis and Futuna,5/9/2020,,,0,,,0
New Caledonia,5/9/2020,,,0,0,18,0
Fiji,5/9/2020,,,0,0,18,0
Australia,5/9/2020,,,18,97,6914,0
Marshall Islands,5/9/2020,,,0,0,0,0
French Polynesia,5/9/2020,,,0,0,60,0
New Zealand,5/9/2020,,,1,21,1142,0
Solomon Islands,5/9/2020,,,0,0,0,0
French Polynesia,5/10/2020,,,0,0,60,0
Fiji,5/10/2020,,,0,0,18,0
Marshall Islands,5/10/2020,,,0,0,0,0
Wallis and Futuna,5/10/2020,,,0,,,0
Australia,5/10/2020,,,15,97,6929,0
New Zealand,5/10/2020,,,2,21,1144,0
Solomon Islands,5/10/2020,,,0,0,0,0
Papua New Guinea,5/10/2020,,,0,0,8,0
New Caledonia,5/10/2020,,,0,0,18,0
Australia,5/11/2020,,,12,97,6941,0
New Zealand,5/11/2020,,,3,21,1147,0
Papua New Guinea,5/11/2020,,,0,0,8,0
Wallis and Futuna,5/11/2020,,,0,,,0
French Polynesia,5/11/2020,,,0,0,60,0
Marshall Islands,5/11/2020,,,0,0,0,0
Fiji,5/11/2020,,,0,0,18,0
Solomon Islands,5/11/2020,,,0,0,0,0
New Caledonia,5/11/2020,,,0,0,18,0
Solomon Islands,5/12/2020,,,0,0,0,0
New Zealand,5/12/2020,,,0,21,1147,0
Marshall Islands,5/12/2020,,,0,0,0,0
Australia,5/12/2020,,,7,97,6948,0
New Caledonia,5/12/2020,,,0,0,18,0
Wallis and Futuna,5/12/2020,,,0,,,0
French Polynesia,5/12/2020,,,0,0,60,0
Fiji,5/12/2020,,,0,0,18,0
Papua New Guinea,5/12/2020,,,0,0,8,0
Wallis and Futuna,5/13/2020,,,0,,,0
Papua New Guinea,5/13/2020,,,0,0,8,0
New Caledonia,5/13/2020,,,0,0,18,0
Fiji,5/13/2020,,,0,0,18,0
Marshall Islands,5/13/2020,,,0,0,0,0
French Polynesia,5/13/2020,,,0,0,60,0
Australia,5/13/2020,,,16,97,6964,0
New Zealand,5/13/2020,,,0,21,1147,0
Solomon Islands,5/13/2020,,,0,0,0,0
Solomon Islands,5/14/2020,,,0,0,0,0
Marshall Islands,5/14/2020,,,0,0,0,0
Fiji,5/14/2020,,,0,0,18,0
New Caledonia,5/14/2020,,,0,0,18,0
Wallis and Futuna,5/14/2020,,,0,,,0
New Zealand,5/14/2020,,,0,21,1147,0
French Polynesia,5/14/2020,,,0,0,60,0
Australia,5/14/2020,,,11,98,6975,1
Papua New Guinea,5/14/2020,,,0,0,8,0
New Zealand,5/15/2020,,,1,21,1148,0
French Polynesia,5/15/2020,,,0,0,60,0
New Caledonia,5/15/2020,,,0,0,18,0
Australia,5/15/2020,,,14,98,6989,0
Marshall Islands,5/15/2020,,,0,0,0,0
Papua New Guinea,5/15/2020,,,0,0,8,0
Fiji,5/15/2020,,,0,0,18,0
Solomon Islands,5/15/2020,,,0,0,0,0
Wallis and Futuna,5/15/2020,,,0,,,0
New Caledonia,5/16/2020,,,0,0,18,0
New Zealand,5/16/2020,,,0,21,1148,0
French Polynesia,5/16/2020,,,0,0,60,0
Australia,5/16/2020,,,30,98,7019,0
Wallis and Futuna,5/16/2020,,,0,,,0
Fiji,5/16/2020,,,0,0,18,0
Marshall Islands,5/16/2020,,,0,0,0,0
Papua New Guinea,5/16/2020,,,0,0,8,0
Solomon Islands,5/16/2020,,,0,0,0,0
Wallis and Futuna,5/17/2020,,,0,,,0
New Zealand,5/17/2020,,,1,21,1149,0
New Caledonia,5/17/2020,,,0,0,18,0
Solomon Islands,5/17/2020,,,0,0,0,0
French Polynesia,5/17/2020,,,0,0,60,0
Australia,5/17/2020,,,17,98,7036,0
Marshall Islands,5/17/2020,,,0,0,0,0
Papua New Guinea,5/17/2020,,,0,0,8,0
Fiji,5/17/2020,,,0,0,18,0
Solomon Islands,5/18/2020,,,0,0,0,0
New Zealand,5/18/2020,,,0,21,1149,0
Fiji,5/18/2020,,,0,0,18,0
Australia,5/18/2020,,,9,98,7045,0
New Caledonia,5/18/2020,,,0,0,18,0
Wallis and Futuna,5/18/2020,,,0,,,0
Marshall Islands,5/18/2020,,,0,0,0,0
Papua New Guinea,5/18/2020,,,0,0,8,0
French Polynesia,5/18/2020,,,0,0,60,0
New Caledonia,5/19/2020,,,0,0,18,0
Marshall Islands,5/19/2020,,,0,0,0,0
Fiji,5/19/2020,,,0,0,18,0
Australia,5/19/2020,,,15,99,7060,1
Papua New Guinea,5/19/2020,,,0,0,8,0
French Polynesia,5/19/2020,,,0,0,60,0
Wallis and Futuna,5/19/2020,,,0,,,0
New Zealand,5/19/2020,,,4,21,1153,0
Solomon Islands,5/19/2020,,,0,0,0,0
Marshall Islands,5/20/2020,,,0,0,0,0
Solomon Islands,5/20/2020,,,0,0,0,0
New Caledonia,5/20/2020,,,0,0,18,0
Papua New Guinea,5/20/2020,,,0,0,8,0
New Zealand,5/20/2020,,,0,21,1153,0
Australia,5/20/2020,,,8,99,7068,0
Fiji,5/20/2020,,,0,0,18,0
Wallis and Futuna,5/20/2020,,,0,,,0
French Polynesia,5/20/2020,,,0,0,60,0
Fiji,5/21/2020,,,0,0,18,0
New Caledonia,5/21/2020,,,0,0,18,0
New Zealand,5/21/2020,,,0,21,1153,0
Marshall Islands,5/21/2020,,,0,0,0,0
Solomon Islands,5/21/2020,,,0,0,0,0
French Polynesia,5/21/2020,,,0,0,60,0
Australia,5/21/2020,,,11,100,7079,1
Papua New Guinea,5/21/2020,,,0,0,8,0
Wallis and Futuna,5/21/2020,,,0,,,0
New Zealand,5/22/2020,,,1,21,1154,0
Australia,5/22/2020,,,2,100,7081,0
Wallis and Futuna,5/22/2020,,,0,,,0
Solomon Islands,5/22/2020,,,0,0,0,0
Fiji,5/22/2020,,,0,0,18,0
New Caledonia,5/22/2020,,,0,0,18,0
Marshall Islands,5/22/2020,,,0,0,0,0
Papua New Guinea,5/22/2020,,,0,0,8,0
French Polynesia,5/22/2020,,,0,0,60,0
Solomon Islands,5/23/2020,,,0,0,0,0
Marshall Islands,5/23/2020,,,0,0,0,0
Australia,5/23/2020,,,14,101,7095,1
Fiji,5/23/2020,,,0,0,18,0
French Polynesia,5/23/2020,,,0,0,60,0
New Zealand,5/23/2020,,,0,21,1154,0
Wallis and Futuna,5/23/2020,,,0,,,0
New Caledonia,5/23/2020,,,0,0,18,0
Papua New Guinea,5/23/2020,,,0,0,8,0
Australia,5/24/2020,,,11,102,7106,1
Wallis and Futuna,5/24/2020,,,0,,,0
Marshall Islands,5/24/2020,,,0,0,0,0
Papua New Guinea,5/24/2020,,,0,0,8,0
French Polynesia,5/24/2020,,,0,0,60,0
Fiji,5/24/2020,,,0,0,18,0
New Caledonia,5/24/2020,,,0,0,18,0
New Zealand,5/24/2020,,,0,21,1154,0
Solomon Islands,5/24/2020,,,0,0,0,0
Papua New Guinea,5/25/2020,,,0,0,8,0
Australia,5/25/2020,,,3,102,7109,0
French Polynesia,5/25/2020,,,0,0,60,0
Solomon Islands,5/25/2020,,,0,0,0,0
New Caledonia,5/25/2020,,,0,0,18,0
Marshall Islands,5/25/2020,,,0,0,0,0
Wallis and Futuna,5/25/2020,,,0,,,0
Fiji,5/25/2020,,,0,0,18,0
New Zealand,5/25/2020,,,0,21,1154,0
Wallis and Futuna,5/26/2020,,,0,,,0
New Caledonia,5/26/2020,,,0,0,18,0
New Zealand,5/26/2020,,,0,21,1154,0
Papua New Guinea,5/26/2020,,,0,0,8,0
Fiji,5/26/2020,,,0,0,18,0
French Polynesia,5/26/2020,,,0,0,60,0
Marshall Islands,5/26/2020,,,0,0,0,0
Australia,5/26/2020,,,9,102,7118,0
Solomon Islands,5/26/2020,,,0,0,0,0
Wallis and Futuna,5/27/2020,,,0,,,0
Fiji,5/27/2020,,,0,0,18,0
French Polynesia,5/27/2020,,,0,0,60,0
Papua New Guinea,5/27/2020,,,0,0,8,0
New Zealand,5/27/2020,,,0,21,1154,0
Solomon Islands,5/27/2020,,,0,0,0,0
Australia,5/27/2020,,,15,102,7133,0
Marshall Islands,5/27/2020,,,0,0,0,0
New Caledonia,5/27/2020,,,0,0,18,0
Australia,5/28/2020,,,6,102,7139,0
New Zealand,5/28/2020,,,0,22,1154,1
Solomon Islands,5/28/2020,,,0,0,0,0
New Caledonia,5/28/2020,,,0,0,18,0
Papua New Guinea,5/28/2020,,,0,0,8,0
Marshall Islands,5/28/2020,,,0,0,0,0
Wallis and Futuna,5/28/2020,,,0,,,0
Fiji,5/28/2020,,,0,0,18,0
French Polynesia,5/28/2020,,,0,0,60,0
Wallis and Futuna,5/29/2020,,,0,,,0
New Caledonia,5/29/2020,,,1,0,19,0
Australia,5/29/2020,,,11,102,7150,0
French Polynesia,5/29/2020,,,0,0,60,0
Marshall Islands,5/29/2020,,,0,0,0,0
Papua New Guinea,5/29/2020,,,0,0,8,0
Solomon Islands,5/29/2020,,,0,0,0,0
Fiji,5/29/2020,,,0,0,18,0
New Zealand,5/29/2020,,,0,22,1154,0
New Zealand,5/30/2020,,,0,22,1154,0
New Caledonia,5/30/2020,,,0,0,19,0
Marshall Islands,5/30/2020,,,0,0,0,0
Papua New Guinea,5/30/2020,,,0,0,8,0
French Polynesia,5/30/2020,,,0,0,60,0
Australia,5/30/2020,,,23,102,7173,0
Wallis and Futuna,5/30/2020,,,0,,,0
Fiji,5/30/2020,,,0,0,18,0
Solomon Islands,5/30/2020,,,0,0,0,0
Wallis and Futuna,5/31/2020,,,0,,,0
French Polynesia,5/31/2020,,,0,0,60,0
New Zealand,5/31/2020,,,0,22,1154,0
Fiji,5/31/2020,,,0,0,18,0
Marshall Islands,5/31/2020,,,0,0,0,0
Australia,5/31/2020,,,12,102,7185,0
Solomon Islands,5/31/2020,,,0,0,0,0
Papua New Guinea,5/31/2020,,,0,0,8,0
New Caledonia,5/31/2020,,,0,0,19,0
